patientId,Target
0587782c-ac6b-4ae1-8ffb-ce894d09f75e,1
0727efd2-c063-4409-b326-9532f6531a97,0
07afb190-e345-418c-8bd8-ca864b11b6d1,0
083e7d20-cee0-482e-acb5-029868b78fb8,0
08941080-30dc-449f-a8e1-e6530f4695a2,0
097aa88c-3228-4b27-8d30-2071fdb6a37d,0
09db0213-0ad3-4062-bc7b-9a82e5a74097,1
0a74badc-f221-4017-96a6-055ee057b57d,0
0a8efdc1-1dff-4d65-8948-c56a5d74a906,1
0ab261f9-4eb5-42ab-a9a5-e918904d6356,1
0ac2fb38-efab-454a-971e-d8349b8ad28d,1
0b569b4c-107f-4bf4-9166-c4f51a9f881a,0
0c5dc7d1-7022-4e46-bc02-ff9999912edd,1
0cb75033-7ff0-4f4b-938f-cb6b58bf7fdb,0
10663fbe-86aa-4bf4-afdc-c234605457f4,0
106e39b9-9ca8-4437-b7f9-f114fd3aec61,1
13e0c332-c269-40a3-9026-02a0f11a4dbd,1
13e4a88e-245a-491b-9cd7-a8672c98175e,0
14a17c79-36ac-4794-8f6b-797df627ea4d,0
15074516-5791-4026-b665-3cfea4748323,0
15caed66-ea48-488f-8c54-4f6debd7645d,0
165bc884-61e3-4fd8-a799-643a8626c7e5,0
1678b850-2b76-4d6c-8f8f-bf1503e2d761,0
169d225c-4691-4897-a382-8aac28b0c348,0
17764c35-e511-4ff1-a7d1-cc5d670b0f08,1
17c89271-2986-4e49-be3c-b925e0925515,0
18774506-f9cb-497c-898f-0bade580f342,1
1a388cdd-671b-48a9-9a4c-ca64cc60ef81,0
1b0b50d0-c31e-4713-b252-292423149457,0
1cadf040-18bb-424d-aa1f-2e6fa971277b,0
1e334125-d0bf-4229-bf47-c7739ec3bf5b,0
1e851877-2e99-4955-8ecb-5997fe027948,0
1f70d7ed-d3aa-47d7-acc6-3bc978011e42,0
200613d9-e461-4836-ae40-b349087e01a2,0
2118026e-ed2f-4d1e-baa2-0e9e1004f72c,0
21f2cb9b-e9c8-4056-9e0a-375351806b25,0
229ccf92-77f4-4e97-8e1a-976128ae9f5a,0
22da0004-e69d-49c5-bde5-252ab5895da0,0
23ec5265-20bb-4f80-9315-66ef0d7adef9,1
24ed1939-bec5-43dd-9206-0a8091f2602f,0
25af79cb-2656-4565-ae88-ff98eccced9a,0
26080061-2232-48a5-99aa-e0984b4d5427,0
2721b917-061a-489b-8580-db98f0e80d60,0
27511036-dc83-4708-a928-d0e9f2923299,0
28bb0cb8-6f05-4c48-a2bf-251a1297e380,0
296c307e-cf85-4ef4-95eb-7a05d4576dfa,1
29b0895a-a35b-4681-9706-71bf3c50f857,1
2bd2f688-6bed-4f0c-a385-9eed1b1027de,1
2d096d09-0957-43b5-a78d-2ea2c2d03b6b,0
2d232afa-67dc-4a77-bf1a-665e2531f634,0
2d8aa8bb-f2f3-4da0-93f6-5e92d02481ed,0
2f42fe81-bd2a-4b14-966b-589873d13663,1
31d565cd-7b80-48ab-a86d-c5aaec5b4505,1
31eb47ce-891a-44f3-9031-96d8952b487c,0
326f120e-54fa-48fa-ad82-253125c9dea9,0
3397ca1b-01c0-45c5-8a12-758df4dff9dc,0
346fdfbf-788e-4791-95f2-f986208c7796,1
3498f71d-ee17-4a16-a0dd-3d28794cf880,0
371634ac-fc6c-42d3-9860-e284539921d2,0
3768dc07-b49f-4e4d-8233-5dda9692ca68,1
39276e28-456a-46f8-b74d-42601c7ec17e,0
39a6f9ed-168b-42ee-bc90-890a9ee1f3b7,1
3a01bb45-4742-4df3-a519-482cb2a8023e,0
3a3842d1-d803-4374-a17d-b5a37e8024cf,1
3a4afbe2-c1e5-456c-b594-b5bc17b4afe2,0
3ac3f8a3-21a8-4baa-a6f5-3ce889947dd7,0
3bd5e45e-886d-4d51-8bc5-f7714984e7c1,0
3c319790-02cd-44d7-bb91-8e758463ac82,1
3ce7964d-2578-462f-9d81-e5415bd44fcb,0
3d2b0b21-1b73-44b0-b495-60b5262753bb,0
3d63f3f8-08cb-4c56-9f03-c634b705c23f,0
3d8a52f8-3769-48d7-9460-2df223a06632,1
3dae24d1-bf9f-468b-9cfd-4fb768b8eb53,0
3e2a04cc-bf06-4313-8815-b8e8afd46ced,0
3e8f1321-ac53-4ecd-8ca2-5150bfafabe7,0
3ea080bf-4e81-4037-a686-fcf254a9e1bb,0
3eb1d6ec-9172-4b4f-be53-ca981f71e610,1
3ebf4e25-fb47-4040-a1f3-236fdad3e0f7,0
3f11c0cd-f83f-4eb9-9968-2cf5958d9147,0
3fff0799-2364-415a-a5c4-7e16ec74a9d9,0
40346c30-cf4a-4fe3-a6a1-935ac182a551,1
416142c6-f196-433a-b6d7-7752a8d2d8da,0
425f3402-d4c7-451e-a68d-db11e70e2183,0
42857e2e-ab00-457d-961b-cdbceb8a988b,0
42cb26eb-155c-49a8-90db-52f0548fc691,0
43474085-8dcd-4d13-9aa7-949f08e5e73f,0
438090bc-eafe-448f-99de-33a5929cd44e,0
442882b2-28f4-4994-9ae2-5072b566687b,1
44b6b737-f7a1-4fbb-a0c2-bd18ff82639c,0
44bdfd06-2293-4d2a-997e-81153a2808db,0
4566ef68-f103-40b7-bbd2-f5e620191c0d,0
45be6d94-a6e9-4c26-9738-d389764166de,0
45c7270e-c7ba-45c1-b226-061a83987ae7,1
45f17f68-55c9-43ee-a693-f2a2687b8bd3,0
466923ee-bc63-4b8b-8129-929e3a303c8f,0
469481f9-b1cc-48f0-ab42-235e44cadb13,0
46e6b4be-e2aa-4b5a-8917-9c0846ac0430,1
46ed3eed-7206-4235-b4d3-ffeeb54b0728,0
474072bf-6365-4812-9a75-0ba64458f841,0
4743faf1-c26f-4b94-a796-c724ff2cdd17,0
47967829-ae4e-49db-bdc8-07112fe86862,0
47ba820c-c63e-4efa-90af-7b88e6741151,1
47d56dc3-c4b0-4bd0-bab7-d39549cc46a0,0
487176d7-917f-434e-a81e-a91e1ef83e92,0
4a2abe71-8cd4-4d57-978d-2da7d67bd80d,0
4a4018ed-05a5-4d91-82d6-b50c9cf71da9,0
4b02a490-e730-4d4a-b17f-c6fea9c47d6e,0
4b0e4413-56aa-48dd-a9ea-4712d211334c,0
4b0f3bf3-fa7c-4e6d-9ef9-2d65f485021c,0
4b5d56cf-bcd2-444f-a595-1971a60bab88,0
4b85f617-4e30-404c-b9c1-5e9b8776dfba,1
4b9aa1da-6bba-4897-8d46-2f6d119ddc77,0
4c53a757-190d-40b5-9d98-cacbb547874c,0
4dca2396-aef6-459e-9827-efdd3bef8c76,0
4e14472a-20d8-4c6a-9322-d8977e0948c4,0
4e27cdee-df08-4341-9061-16ba3ef8a778,0
4e5f97d6-aa4b-4d13-a62c-3b934a380f04,0
4e89a60e-6263-4dbd-a4af-00f5923cd0e1,0
4ea7fd4a-04c4-4c55-ad69-8ce971f9aff5,0
4fa00b91-3a79-4c58-afd7-06eef0487c06,0
50ae1abb-8b74-47e5-9dda-51c2f6840475,0
511d4f71-c84c-4bed-913e-50669fa80fd7,0
5170a7d4-a119-4471-9f3c-824756bf6644,0
52d1f158-6cde-4676-94bf-bc5f8bab0cc6,0
534dd305-b5ae-4200-9e77-0662f9094d4b,0
54320538-7d1e-4784-840b-1c696eda2407,0
5492dac4-a895-4e35-9c0e-aa787a48aa1a,0
54d407f3-084b-42ff-a00e-74a5d61b3c06,0
55c25b52-0043-4763-b889-3f5f44f01728,0
5607261f-5c02-4b04-932f-a0efe4235c5d,0
568e580f-c31b-4e58-9821-b6b822e3f8ec,0
57b0d4e3-3545-4bdf-9657-93c6107cc7bc,0
57e54485-0889-4641-ba5c-54cb2fe1d0c7,0
59b217dd-1b12-4de7-918f-43a0f180986d,0
5a2f1408-caa2-4f0f-b14e-71ee713dc737,0
5a2fc23d-facb-4105-bf35-ba87ccc78eaa,0
5ab66ad0-25a2-4e41-8f40-960154a008f2,0
5b4dc56c-9ca2-4fed-84ac-97ded168fcfb,0
5f47b009-71fc-40d5-8c16-278331ecb652,1
5fecf69f-a89f-4ad9-89ef-a72e93bed642,0
601dd9c6-3544-4a3b-94b7-f9b77ae19451,0
60930f08-9007-42ae-8c36-68442442c6b0,1
610bb23b-30af-4868-8d53-f90cda513fc6,0
611a59c3-68d4-48fd-84d9-74f67339b5e1,0
61366af6-2df8-4721-944d-ea0fdec6ed00,0
616f7796-b973-4da5-9a6d-59988640d84d,0
622d6303-018b-4dcf-88b7-ac0b9e529a9f,0
62b8400b-e127-4874-984f-e34e08152af0,1
63daff08-6af1-4f59-b438-773c688af1ee,1
63ffaa0f-b764-4d5c-8462-8935d6389bb3,0
646c5b26-1b84-4a22-9988-112cb6cce4c8,0
64965325-3bb3-41f9-9377-b19ec6110048,1
64d55c5b-88e3-4b28-8e1d-f30612f80dd0,0
6560b160-0f16-45ec-bac1-d753db15fc5a,0
656ea13b-f710-4709-9181-0a78319ffc37,0
659b4b06-6273-4efb-85fb-93e014d1ca2f,0
65a8a0d1-7854-4c24-9b5b-7b6fa036c3b0,0
65cc7b42-4bac-41b7-ac07-cc35319cc2e5,0
66184e1e-d09c-4cfc-9ff7-5b892566f140,0
66a01743-311e-452a-b093-2ef63ca3ae2b,0
66b1bb44-ddc8-4d55-ba6e-dda25beb2190,0
66f64de8-cacd-47b9-a47f-37b5a612bdd5,0
67c1c533-d61b-4670-a297-513f03efcb21,0
68644ba7-8699-4b76-aac3-6237c3b2f20d,0
69f67e49-d9f3-4763-b2cb-db657f1d0a58,0
6a250116-64e3-4f3a-8432-850e06a33c9d,0
6a64c194-635e-4ab0-aefa-aeb2be0aac53,0
6aa019d7-8e9c-4dba-8621-fdad4efa4f2e,0
6aa660eb-06a5-45de-9819-84da5b02e787,0
6aae3572-8953-46be-a0fc-5f3e891dec7e,0
6bafbb20-14b7-498f-82fe-dd7b603cbf51,0
6be29d68-1927-4609-a7d2-4fcc9ccaf9af,0
6bf4ea67-9a7d-4839-beac-b3541ad31826,0
6d38a88c-d121-48bd-8ac6-d29098d1ecb3,0
6f27fe76-2a4b-4679-8381-664160325373,0
6f2fa03b-7a04-4795-b927-bf0d32b24f73,0
701a43dd-cdd4-44be-a41b-cb28b921366c,0
70656db6-3c0f-484b-9a6f-9b4312f8d785,0
708fa90a-d9d2-4b36-aa81-445037788347,0
70d2cfb4-2b97-469d-bb21-9b344c414dd4,0
718d7420-83bf-48a2-9419-042046583ffc,0
71d57bca-9142-4f4d-b35d-7c6d1da6ed6c,0
71d63444-7863-449b-a3f6-d599b6d00e49,0
726bccda-f651-4daa-a681-4307ae71d809,0
73f6d76b-c5a2-4493-b39a-7ab830178f72,0
741e924e-b826-47e9-a349-879561029b24,1
742d5090-857c-48b4-9812-277ca12303e9,0
74c665ca-a728-44bc-8131-8e15ec862cbf,0
75549b2e-abb7-4a62-9af2-76ae403818b2,0
758500d2-343d-4407-b5b4-8fd6b712998c,0
761f4498-6f0d-487c-99cc-244136ef8a69,0
76b04844-0e0b-4bd7-af6a-6f1b6756a45c,0
77293530-8a74-449c-b423-85849cee8da2,0
77547063-7732-46c1-ad38-d3d0dda9a55f,0
7828ad2d-6180-4903-aee4-e63fe42e63dc,1
78c9057c-9d17-4124-9e6a-a634ab85275e,0
78dba4d7-e138-4d40-b6a5-ac2d8c65dcf5,1
79702301-1ccc-4a54-829d-547a3af5e85a,0
79718093-ce30-44c5-8be5-e5f55729c5d8,0
79b34f64-0c0b-458b-82c3-95f938d3ab08,0
7ac367b2-e089-4f7e-b080-b52e53664b2f,0
7bb2b123-4ef5-48a5-8eeb-41ba2bcc79e2,0
7c6ddc4e-9859-43a4-bb33-33e9efa42685,1
7d39bd13-ce27-4ce1-95e5-235a9079e4cc,0
7d5ef53d-94ea-4d7a-8914-0f36c2d1a2c5,0
7e1eb863-810f-4d45-8b27-bbbe163ec790,0
7e608cc0-424d-4cd5-a690-e4f586710b2f,0
7ef283b8-9c5a-4ada-a575-f68289e338ae,0
7efe1069-9223-445f-a8d5-64b5a35438d2,1
7f5c524d-2d8f-4314-826d-10890906455a,0
80bca6c8-5cdf-4528-85d6-aa6f3336664b,1
80e7b516-3f0d-4f19-b7e4-7e2849ec0e13,1
810b8ef8-f65f-4f24-9798-aa13ed4fc828,1
81cc48ed-0b64-436e-809e-47c3fc35006f,0
81dca618-553d-4299-a4a0-e64f764bf69f,0
821692fd-9659-4179-b408-e4dda2e10dae,0
83202eb5-7996-4d24-ad8b-6680d9e98bd2,0
83548cae-0c49-424c-ae08-5cec7900644b,0
83fdefc4-082e-409d-80dd-7b043aed85ad,0
84321b1c-3284-4ce4-89a7-fa42d6d9f997,1
84723d0d-ae4e-4c84-b84e-e3e16aefea88,0
850a00db-8884-45d3-b3cf-1ba8635b9294,1
852e6985-34e7-4e40-931d-d639cd87a671,0
85a307fc-6a0c-4dd7-9402-7950496bb911,0
86d679f5-254b-433f-b69b-01750d8fb6b4,0
86f34519-a36e-462e-a8f3-842b992dc46b,0
871ebe50-8492-496d-a49d-510be81eb07a,1
872805c1-b277-4386-bc7a-4fde8d0647c9,0
8873a039-5a87-45b0-9078-087cae4ca4a9,0
88acebca-2dd3-40e3-b1a6-967a68799b85,0
8956eb86-cc5e-4ad3-a399-b8c3844356f4,0
899b7bbf-dd21-4b0e-ab94-b2a41af44cc9,0
89aa5c47-f644-4add-a711-6c66adb39003,0
89af4d95-4a0d-4fb3-a4e1-75d470fd3cbd,0
89c12318-d65a-4b6e-8d4c-23237c2a0630,0
8a8397ed-93cd-45b2-95f3-bf929c3a942f,0
8ab37a32-a78d-4cbc-832d-58702d9b372a,0
8c1f8de9-95a8-47d1-be3d-d8ea33bdeef9,0
8ca24874-517a-4271-9465-f4c4b87efd29,0
8cb8f8fc-a2bd-4133-a483-daaa6ecf36c1,0
8cd59e79-9242-4364-8605-2dd2c162292f,0
8d33c03b-b7a1-4e67-8924-2854f2112d24,0
8d420869-5632-4a1d-9b75-c913472148bf,0
8d8f6fdd-ea73-42b8-bbda-a9f0bb76bb9e,0
8da57631-72c3-484c-82e5-34a124170d98,0
8dae91d8-3c8b-46ec-9e18-ecdec5f7a91d,0
8dc8fc3b-60b6-4c44-b658-94e27dbd67a2,0
8dee40b1-4d3a-4d8b-853d-5651925b0ffa,1
8e87d067-7d6a-43d4-85bf-e10743338aa3,0
8ecf57a1-3117-4baf-851b-9919d9873860,0
8ed4a02c-9d40-457e-a8d0-c890026c4067,0
8ee256be-e94d-4554-8929-a352bc0fba56,0
8f755ed6-51c4-4af7-8130-10a3c76a1ab8,0
902f777f-49d7-4e43-975a-ababb7a8c872,0
90849bf6-c078-47c5-a407-1e3fe1d006e5,0
90851418-d975-4858-9396-2a03b31ab76c,0
908a9eb7-dc6d-4113-ba9a-28a50140563f,1
90cef4f8-3198-4c71-96ac-ac3ed528908f,0
91d9f69e-f6da-4f70-b539-7a3133714594,1
92e14d7b-842b-4b05-bb5d-4aab98d9acfb,1
9373e0be-021b-4ef4-b7d8-973ea23caee3,0
93b49de9-9267-43c2-a507-6885e4caeaba,1
93caa1a4-e457-4ac5-b1e3-c1b7cdfdac50,0
93d411f7-22d6-439f-b0f6-ff1ca5a15699,1
947ddbef-0219-45f9-89e3-6b7cd1c4bce9,0
949b0ea6-7bb8-4c53-9c2b-5303b84ef8e2,0
94a6538f-68d4-4edd-ba10-fa157fd9a21f,0
953ef792-b739-4a19-be39-6937f6828cf8,0
955aa11f-22a7-43fc-a47e-5bd10ceb2377,0
95bb8cc2-d5d5-4ef3-ade0-18e5ff5b2e08,0
9760925f-858b-4470-aaeb-5908bf03672a,1
97734238-24dc-4e8d-9cbd-2f3bbc5bebab,0
9a3e1197-91f6-4e4d-9aeb-fcde3483849c,1
9b20a679-e9aa-4264-83b8-90331923b63d,0
9bf4af74-aba7-41ef-9606-b19bf8526a72,1
9c2875c7-fa39-4af6-a82d-b545dc59874d,0
9ea62a2d-578b-4945-8d7b-d2f8d7773b5e,0
9eb93611-08de-4ae9-a44d-4d86dd123013,0
9f1a8c65-97ee-46d5-8b27-c0dd262bf41c,0
9f3c08be-0b3a-413d-aade-4bc74cee30b7,0
a0c9e4d1-2520-4cc2-a95d-913853b20206,0
a1343a3d-1391-4fda-b0c4-1271cea7961e,0
a1a9bf98-fc6f-4678-a621-12abfb777542,0
a1ed538b-ed4c-40ed-8364-c9443b51ee73,0
a20def8d-de06-427e-8416-09ae16bbaadc,1
a25b612b-59c5-4401-a60e-bf3720be8d25,0
a2cad327-ecaa-4bff-9a4c-7316e784b873,0
a2f0b32a-6788-481b-879c-49c88e2407bb,0
a3876172-efc8-4252-a340-522a6921b74f,0
a3d252ca-0faa-42ca-82db-fb199b26cae1,0
a4b4d3de-f186-4aa1-8866-6228cede4d7a,0
a4c3baae-0f3e-45a0-9a78-51bae5f7bd85,0
a4ecd6e9-2d49-40ef-9d1b-3e9a0c20a14b,0
a4fb24c7-b45e-4bbd-afad-6a9ec1416185,0
a50278a5-b357-4c86-b4ba-fdf099178f69,0
a561b26f-fb7c-452c-b651-9588d51770ad,0
a595fe39-ce96-43dd-ac73-89d49124b966,1
a61b96d1-418a-4841-a26c-0f2ad9e9f1f2,0
a6540b20-026b-44b4-ab0e-2da2ffa087f6,0
a70615e6-1c2f-465a-b507-5faec41c5b3a,0
a741b52c-2fe3-434e-bdf3-b012ee8aab48,0
a7fad7f7-9d4f-4595-9097-7e7b28195679,0
a86e4390-6bce-4658-a4b7-68bc57455f59,0
a8caec22-eaf7-4acf-bbb8-fa3cdf4f69d5,1
a8deed82-3273-4c1c-9e72-13bdcee00803,0
a8e0af66-dc6e-441b-82c0-077c56cb43a9,1
a9006409-11f0-4d8d-acff-4f5e973547b1,1
a9166819-3c04-4552-bea7-f4d548709096,0
a974ced3-da4c-48fc-8279-8f37e703a409,0
aa4a3a96-38d8-4b4a-82ba-670d17a6bb4c,0
ab2fd39b-2c9a-4fe7-852e-c1019ee3e602,1
ab46a2e2-5229-43d6-a473-462948d545d5,0
abe23a5c-46e0-4320-86d4-3655779e8559,0
ac29e848-bceb-4233-8a07-14778f17d575,1
ac51aa90-d1ca-4247-911b-09e5b324fa30,1
ac8fa30d-caed-4d4b-acb0-173c9128672a,0
ac9634af-f703-4552-bb5b-afc4718d3fca,0
acb42b54-806b-4770-87c0-8dbe0b064192,1
ace45a97-b369-4a52-a8d9-fccf8ab5c010,0
ae4cc69b-20a6-4a62-9fb3-c1767fdd37c6,0
ae5bbcb2-8f3a-4f5c-a7b1-1ecaa6a7a967,1
ae7c7ec3-778f-415c-a933-524fb2027eab,1
ae9de5c9-8bb7-4570-8c3b-d5f724108f0b,1
aed92e78-27be-4dc8-a464-56ca888e4626,1
af45702a-fad7-4664-8094-df145d2e7622,1
b0052168-b95f-477b-9220-e26a6d33f1d0,1
b020667e-66c9-42f9-af4e-83fa346b60a2,0
b070ebb3-1940-443b-8cca-85eb31ff8b23,0
b0d3f19f-10f9-487b-9cf8-8c2d6dc5d746,1
b15381ff-aa71-4e77-9292-ea70c1b3233e,0
b17cc4ff-5181-4a4c-97d6-cb23c91fb4c8,0
b2258e40-0b4d-41f1-8922-d0924c8aa145,0
b22ef5d7-f64f-4ee8-9935-01af80a2a339,0
b26a717e-608d-41f1-ac9a-33450bf2d7e5,0
b28af7c9-9cb3-4cd9-8261-0d1815d1609e,1
b402b80c-0be4-4c25-80be-d9ace219c83b,1
b5383fbc-271d-48a0-8d17-83f2dfb2e52b,0
b5a5a9a8-9fe4-4eff-8ebb-9da7b9cb014d,1
b5a6e376-eb68-485a-a08d-a4cca17cbf9c,1
b5d11411-962b-430c-91b8-5361d80ddaa1,0
b62671fb-a758-401b-8c5f-c2b53dfdbd69,0
b6468969-2e9b-4a36-aaa0-2c77b205105e,1
b73af135-9b6b-4bb3-bfd5-b9439674003b,0
b7fecc2a-df32-457b-bfa7-141769dd48e7,1
b8d7b42e-8dc7-4330-a8f3-db52852f1714,1
b93d42c3-bc14-4095-ace7-a1c675cc77b8,0
ba06c828-df8c-4c6f-a869-b3ea7d1991cd,1
ba237771-f858-4f79-9efe-318e07bb896e,0
baec024d-a216-40bf-a988-bd229ae5cec6,1
bb0e4a7c-5f47-4c43-892c-2ab317601edf,1
bb10de59-4206-46ca-b28d-c0750d460829,1
bb1715b5-51ff-487d-ba71-669de8e74652,1
bc054c4c-280f-4e1d-9b93-9563cd368aae,1
bc4f2fce-e1dd-4d50-bdb5-103c25f46c8b,1
bc788ea7-ec39-49bc-93e8-a9772a778b75,0
bca2c151-2431-4595-80c7-75480a196c6e,1
be7b198b-1417-4536-ac79-13dfa0529287,0
bf494059-4fe2-4f8f-a503-c340105e56ce,0
bf5b8e51-9dfe-4248-b38e-45a9f598b0c8,1
bfbeea84-2d5a-4b04-beb4-15d3b339e981,1
c1f6b555-2eb1-4231-98f6-50a963976431,0
c203f4e6-0963-4543-a34c-48b9d62b3e27,1
c3ed68a1-efb5-429d-86f4-fcc234bd1fba,0
c4308828-105d-4cb5-9a1a-409288788769,0
c4a3c834-8713-4813-9ca2-c8484c42415a,0
c4af240e-3322-40d7-9351-db82718ce4a1,0
c50e1445-58f2-41c5-9774-2d9e24db380b,0
c5315efe-b147-427e-b81b-d1cb0bba68ce,0
c5b92898-2d6a-4047-97c2-6192d08fd9cf,0
c75b22e9-76d9-4fdd-80cf-d7b88eb6d998,0
c7935568-7703-4ffe-8b55-b656cc5bb7bc,0
c80376a0-e71c-4519-844d-0d12e83b25ae,0
c80c8b8f-e4af-48a1-a7a4-42ac433d315e,0
c866d283-63c1-448b-a322-f9f847a65f27,0
c89e8310-dc56-4606-ba30-126e1f5f13f5,1
c8d43f45-f21f-4e7b-96bf-2fc068be6310,0
c8d798bb-5bcb-4ca0-8b16-e360805aac69,1
c9259563-9f5b-425d-88bd-35affb2ef142,0
c993e08f-b497-4f6f-936e-0a44a834d24f,1
c9e7c879-e9ca-4c62-81ed-a1382aebc1eb,0
ca4c5a67-2f27-45f9-ae0a-72ebf4982c40,0
ca5562f7-66a9-4ca7-ac19-1d8d738e3155,0
cbaf7d25-1da0-44bb-9607-20de66074c9b,0
cbbd4c12-de6e-4bf4-b782-0b46ca63d645,1
cc5cdf54-6e16-47ca-a7f6-951c31899b74,0
ce774f35-6a80-446f-909d-040a84419b18,0
ced1dbee-e163-472a-bc1d-96f9716d81bf,0
cf24b27f-989b-401c-b36f-f48d8404ea05,0
cf7b4277-f473-41da-af06-b7efe122a61d,0
cfc9a7a6-01d7-4603-9d64-c314b09ad2b0,0
d0741000-c3ec-4c40-962b-a1997aa25568,0
d095587b-5d20-421f-9acb-318d6abae1b0,0
d0fee7f3-1d7e-436f-b294-316c06ab88f4,0
d17ad5c8-2c59-4b36-9722-3d4e9bf12f87,0
d1cf6d7d-0e8f-4c94-8ce7-739388aed78a,0
d2c420e2-b3e4-41b6-a407-6f94e2ec69cc,0
d3573178-716c-463c-a50e-b101fecd267e,0
d38730f7-abb9-4d98-8811-324d18672ef7,0
d4ce29be-5881-484c-8b05-9f7887e52eb2,0
d4d21c2c-ee3d-443a-91cd-7e6e3ebd59c6,1
d50f9380-dc8e-4edd-9fb8-81bd80c57866,1
d51f1922-c0ce-4391-9214-a31a90686659,0
d5555a76-3191-4a05-a1d9-3e11f4c8d045,1
d58012a2-a845-472d-8f49-336a3cc977c1,1
d5fab21b-cd53-4a20-9702-a58ea1978623,0
d62307ce-2535-4c0e-b7f1-5369cb77b461,1
d63b315b-cac3-487b-aee7-258691082c98,0
d640b82b-9fa6-49ad-9139-d1a0f1f8c7e8,1
d70d24d7-9fdf-4437-aa7a-b07b34de0497,0
d71cf4ee-6343-4781-9638-d27a70caae1b,0
d7b49f1d-1642-4c0a-bbe0-0fa81a8e520a,0
d7fbe785-834b-4a8f-877f-98ad07a10c98,0
d8e9ec9c-eac0-49b6-a983-af4970fd01c5,0
d96ee1e0-5778-4da1-84b7-0e9149f72492,0
d9fc48eb-9f51-4a78-b132-3532f4aa05f7,1
da3a1825-40e8-4168-9a91-1f17f9b385f8,0
db024b46-4a82-4713-8e8c-712f32427c9e,0
db25155a-2b3f-42f1-a299-d364ee9841dd,0
dbafd69b-c2d5-44f5-a3f2-6c347ce377d2,1
dcbc1eb6-52a1-41ab-862c-547f94f0ee05,1
dcbe0105-e433-49a0-82e8-6fbcbe736b04,0
dd7017f1-8ff4-4854-9471-9e885a1b7627,0
de2e0dd1-ddeb-4516-95cd-a0e854613b31,0
decd3c00-9a9c-4ff3-8302-ae8a2a7c9370,0
dfbf2061-27d4-452f-80a3-79af6cb529f2,0
dff79a56-a9d5-4fa4-8a45-ccd2d0e4c2f6,0
e0aeb719-e2f9-4742-b3b2-71d9dfc42613,0
e0dc43c0-a346-4573-a52a-a935fe54c76b,0
e0fa42ad-0d4a-4827-bc8a-812825aab227,0
e175a6dd-570a-4b57-abd9-64789f7d6ec1,0
e18c7203-a029-4cf4-8151-2bc2460c390c,1
e18e7bf5-70c3-42f2-82b7-380943d96fb0,1
e1d23cbe-213d-48d6-a8c2-672c4e68285d,0
e1f89c7c-efde-42a8-ab1d-dd7d59f8bff5,0
e2e5f059-b210-4b5e-9dba-9a6a4e0df2c9,0
e3033174-566b-40dd-b717-68bc91075647,0
e31300d4-90b0-4fa3-8902-30c225b9279a,0
e3a261d3-0cfe-4e75-ab0b-1dfd45a9991b,0
e3fab001-eee9-4edc-b6be-9a60c912e2e5,0
e474cc30-33cc-42cd-9128-8981512eeeb8,0
e4deb360-4f7e-45c8-9412-5936ae022362,0
e5472077-9544-4297-b632-84c97082ec7a,0
e56a1755-f942-4585-bdb3-297f3f78fafc,1
e578f3f6-1eee-4a5b-8b5a-83b262c4e4ba,0
e5f5d529-7f51-40a6-9301-0b6ed0cfa941,0
e622bc6d-c39f-4c51-b51d-9acee5da80aa,0
e701619c-8f85-4fd2-af6b-0e751d4c561d,0
e755dc4c-11e7-45ff-b07c-3a297a67f0ec,1
e816e0d2-f658-458e-9609-a745d8279bde,0
e88a5ffb-0c53-4d5f-9a3e-a9be06b2a7c0,0
e89c3c68-04d3-4675-ba9b-cd9fed51055a,0
e8d5ed15-7cb5-4872-9c44-8a92a965264b,0
e923de59-4d66-4f84-8eee-8b5b793522ee,0
eaeb935a-7294-4dd3-8bf5-73ba781d28af,0
eb0e6171-b47d-4996-9f53-3deb449ed835,0
eb10b7c7-fc94-488a-a5a9-704876d78ebb,1
eb556a63-312f-4728-8f69-c473734dbaa8,0
eb62badd-0421-432b-a6da-b5d6d5535be8,0
ec0f455f-e6ae-4620-86f1-add320174216,0
ec4cf99b-0d23-4aa5-abac-3f8ae0257eb9,1
ed5b8fd3-20e3-4b3d-8044-6332cd15c2dd,0
ed7dc9a2-6694-4d2b-846d-acaecbabd298,0
eea1c2f6-4bc0-433a-abc9-5f97cdc1b0ac,0
eeb6bd41-6626-4565-889e-0b73d115a6b4,0
ef5d1d0f-a40c-4b85-b2c7-c08a33ac7347,0
f02f5c9e-9ea7-4299-9b2c-90ab1586dc86,0
f0ba0019-718f-4677-a723-05c27dba2f3e,1
f0fdda0b-9783-4adb-8767-5ceef14abc21,0
f105d893-7962-4758-8c80-f210e2de8653,0
f145236e-77ef-4cc3-8289-85a020b56c5e,1
f245e457-d791-4435-adf9-05a6c103cee2,0
f26e5df0-bd0d-4d54-86b6-ea40ca0952a3,1
f2e4c367-947c-48ad-be63-2a1879f7b280,0
f2f6d2de-0a65-46f8-8353-3e0304a98732,0
f3022722-2635-497a-89a4-72f21b03ace5,0
f37885af-d611-402f-a662-7e9d6deb5bbb,0
f45c7f95-8c7f-4660-8c23-c4da2e293f0d,0
f49074c2-e73d-4884-804e-a2caab37bcf9,1
f4a8c643-9800-42d9-bcd7-9a4917c3fa4f,0
f4c5713a-67b9-4163-9b2c-ea6337384f17,0
f500e821-60d4-49ca-98b3-88d55a1fc1c3,0
f5ab1b24-8ee2-4f6b-8866-0c5e6d0581cf,0
f6fc2565-6f6c-4f0c-9a4f-c367ef4cacf0,0
f7a488d3-34b2-4bcf-b61a-b4ad12c230e0,0
f8119c58-ee61-473b-935f-d7b80004430a,0
f8652adc-fea7-4f0a-be71-ec8bac772822,0
f8e0ed85-399a-4c57-afc5-a111923d2662,0
f970005f-e300-4102-a486-f9bbf30849bb,0
f9c99896-bcb6-45b4-9128-528f695e3628,1
fc8878b8-aa5b-4ae1-9a32-de3abda9256e,0
fca2546c-2d5b-47b5-b16f-7933453e08cb,0
fd6798fe-0267-43c0-a6e8-798760f03399,0
fd8de63f-e006-4e20-a937-9ecbde6e31e9,1
fdd7ad70-be5f-4927-95ee-e6d4c05c9bdb,0
feaf9f54-74da-400e-85aa-35db240cf11c,0
feb18c4a-f0b6-4987-8564-22ca37b19f6b,0
fefdd549-9fbd-4e90-a7e4-4a0d2d4466d6,0
ff7a9337-c12a-45a9-ab7f-3d7ea08e1162,0
ff82e39d-608f-4f9d-b4db-f8598544e754,0
ff9f1f48-402c-4a72-9ceb-d97c416726d6,0
